seed,model,calibration,prior_order,accuracy,nll,brier,ece,djs_est,djs_gt,djs_error,saturation,case,case_label,protocol
0,RF,platt,prior->calibration,0.9090909090909091,0.305063274890465,0.08271508215942613,3.409096792972299e-05,-0.5554445064950034,0.13166238367557526,0.6871068901705787,0.0,use_case_6,UC6 ratio=0.1,prior->calibration
0,RF,platt,calibration->prior,0.2727272727272727,0.6937841926885737,0.2503185105266822,0.409218116848647,-0.0012808922475980866,0.13166238367557526,0.13294327592317334,0.0,use_case_6,UC6 ratio=0.1,calibration->prior
0,RF,isotonic,prior->calibration,0.9,0.6337950938026689,0.09201400797005192,0.018021978021977983,-0.6856914866543674,0.13166238367557526,0.8173538703299427,0.00909090909090909,use_case_6,UC6 ratio=0.1,prior->calibration
0,RF,isotonic,calibration->prior,0.9,0.8154790590670723,0.23743549111629902,0.3877899225963742,-0.0845921087550956,0.13166238367557526,0.21625449243067085,0.00909090909090909,use_case_6,UC6 ratio=0.1,calibration->prior
0,RF,temperature,prior->calibration,0.6181818181818182,0.6137080738251373,0.20904750851097456,0.3209067712460618,-0.4236646697201282,0.13166238367557526,0.5553270533957034,0.0,use_case_6,UC6 ratio=0.1,prior->calibration
0,RF,temperature,calibration->prior,0.2727272727272727,1.3181924120671762,0.49426433145739623,0.5557627129920847,-0.5500064749711159,0.13166238367557526,0.6816688586466911,0.0,use_case_6,UC6 ratio=0.1,calibration->prior
0,XGBoost,platt,prior->calibration,0.9090909090909091,0.31586458168915904,0.08464420691412933,0.007656892538959732,-0.5984885199129227,0.13166238367557526,0.730150903588498,0.0,use_case_6,UC6 ratio=0.1,prior->calibration
0,XGBoost,platt,calibration->prior,0.509090909090909,0.7121675626981168,0.259335693276032,0.411927381051894,-0.03270810741541186,0.13166238367557526,0.16437049109098711,0.0,use_case_6,UC6 ratio=0.1,calibration->prior
0,XGBoost,isotonic,prior->calibration,0.9090909090909091,0.3390433883199257,0.08933689982612728,0.0501694514713206,-0.672843778920703,0.13166238367557526,0.8045061625962783,0.0,use_case_6,UC6 ratio=0.1,prior->calibration
0,XGBoost,isotonic,calibration->prior,0.36363636363636365,0.7462439427689687,0.2743535823789442,0.40322582446595867,-0.10056489211676445,0.13166238367557526,0.2322272757923397,0.0,use_case_6,UC6 ratio=0.1,calibration->prior
0,XGBoost,temperature,prior->calibration,0.7181818181818181,0.567615152544418,0.18788916197353103,0.23090143271193972,-0.6350571361028409,0.13166238367557526,0.7667195197784161,0.0,use_case_6,UC6 ratio=0.1,prior->calibration
0,XGBoost,temperature,calibration->prior,0.4818181818181818,0.8501079196130006,0.3123591879929386,0.4255542804052204,-0.17926305532173925,0.13166238367557526,0.3109254389973145,0.0,use_case_6,UC6 ratio=0.1,calibration->prior
1,RF,platt,prior->calibration,0.9090909090909091,0.2692274756272277,0.07711024322668024,0.0293072753829176,-0.3521882299213538,0.12957018613815308,0.48175841605950687,0.0,use_case_6,UC6 ratio=0.1,prior->calibration
1,RF,platt,calibration->prior,0.4909090909090909,0.6535655277513027,0.2323776349170053,0.3900077694915188,0.11176501062846744,0.12957018613815308,0.017805175509685633,0.0,use_case_6,UC6 ratio=0.1,calibration->prior
1,RF,isotonic,prior->calibration,0.9090909090909091,0.2680045461105321,0.07693959272895914,0.009565606806986012,-0.33699078360742407,0.12957018613815308,0.46656096974557715,0.0,use_case_6,UC6 ratio=0.1,prior->calibration
1,RF,isotonic,calibration->prior,0.5818181818181818,0.6337032532067586,0.22396215428391011,0.3621396147711936,0.11628638147728176,0.12957018613815308,0.013283804660871312,0.0,use_case_6,UC6 ratio=0.1,calibration->prior
1,RF,temperature,prior->calibration,0.7454545454545455,0.41308077321446496,0.14153029085479593,0.2127020578854894,0.1595819976365549,0.12957018613815308,0.03001181149840182,0.0,use_case_6,UC6 ratio=0.1,prior->calibration
1,RF,temperature,calibration->prior,0.4909090909090909,0.9419273067151781,0.34348196254583463,0.4375340792736085,0.09577299096295344,0.12957018613815308,0.033797195175199635,0.0,use_case_6,UC6 ratio=0.1,calibration->prior
1,XGBoost,platt,prior->calibration,0.9090909090909091,0.2511711165274742,0.07087555347202289,0.038182770995660836,-0.3020173367745066,0.12957018613815308,0.43158752291265967,0.0,use_case_6,UC6 ratio=0.1,prior->calibration
1,XGBoost,platt,calibration->prior,0.6909090909090909,0.5986157123940093,0.20611135129901353,0.3698903745943328,0.14564651634601666,0.12957018613815308,0.016076330207863587,0.0,use_case_6,UC6 ratio=0.1,calibration->prior
1,XGBoost,isotonic,prior->calibration,0.9272727272727272,0.2208114239649052,0.06195227511588239,0.016674215562175694,-0.17617436764088057,0.12957018613815308,0.30574455377903365,0.14545454545454545,use_case_6,UC6 ratio=0.1,prior->calibration
1,XGBoost,isotonic,calibration->prior,0.5,0.5175099433052895,0.17972256242593912,0.30742128415024195,0.21383395099144942,0.12957018613815308,0.08426376485329634,0.14545454545454545,use_case_6,UC6 ratio=0.1,calibration->prior
1,XGBoost,temperature,prior->calibration,0.8818181818181818,0.32898189100412967,0.1022733761370597,0.15767339353322424,0.1405302449903867,0.12957018613815308,0.010960058852233612,0.0,use_case_6,UC6 ratio=0.1,prior->calibration
1,XGBoost,temperature,calibration->prior,0.6909090909090909,0.5896998965094548,0.203422479492951,0.35817238653448785,0.16504618783250613,0.12957018613815308,0.035476001694353054,0.0,use_case_6,UC6 ratio=0.1,calibration->prior
2,RF,platt,prior->calibration,0.9090909090909091,0.2842609639735398,0.07940142527224192,0.02499564588657319,-0.44458883436910346,0.12998774647712708,0.5745765808462305,0.0,use_case_6,UC6 ratio=0.1,prior->calibration
2,RF,platt,calibration->prior,0.41818181818181815,0.6704896742102716,0.23949598216571263,0.40211773492468794,0.06346370712486804,0.12998774647712708,0.06652403935225903,0.0,use_case_6,UC6 ratio=0.1,calibration->prior
2,RF,isotonic,prior->calibration,0.9090909090909091,0.2697467611675242,0.07653087869363699,0.027625622978302337,-0.2864384040155652,0.12998774647712708,0.41642615049269227,0.0,use_case_6,UC6 ratio=0.1,prior->calibration
2,RF,isotonic,calibration->prior,0.7818181818181819,0.6502496727167812,0.21693551953049567,0.36631977197759963,0.10312620088437574,0.12998774647712708,0.026861545592751335,0.0,use_case_6,UC6 ratio=0.1,calibration->prior
2,RF,temperature,prior->calibration,0.7090909090909091,0.4952567072273986,0.1705240316693643,0.2791451069048791,0.1430706864710637,0.12998774647712708,0.013082939993936615,0.0,use_case_6,UC6 ratio=0.1,prior->calibration
2,RF,temperature,calibration->prior,0.34545454545454546,1.0207349227764346,0.3844177086468784,0.4839496475968656,0.04741951108057285,0.12998774647712708,0.08256823539655422,0.0,use_case_6,UC6 ratio=0.1,calibration->prior
2,XGBoost,platt,prior->calibration,0.9090909090909091,0.25910731717144475,0.07337077859885831,0.09414233441791016,-0.32169120845691734,0.12998774647712708,0.4516789549340444,0.0,use_case_6,UC6 ratio=0.1,prior->calibration
2,XGBoost,platt,calibration->prior,0.6636363636363637,0.6390037334314796,0.223746500523678,0.39407732152627406,0.12524192230020714,0.12998774647712708,0.004745824176919933,0.0,use_case_6,UC6 ratio=0.1,calibration->prior
2,XGBoost,isotonic,prior->calibration,0.9090909090909091,0.23755602634270157,0.06752013808838003,0.06980761125904894,-0.20487779907304793,0.12998774647712708,0.334865545550175,0.045454545454545456,use_case_6,UC6 ratio=0.1,prior->calibration
2,XGBoost,isotonic,calibration->prior,0.4727272727272727,0.5830090596540143,0.20483560663505887,0.3416058267157116,0.17765413883752768,0.12998774647712708,0.0476663923604006,0.045454545454545456,use_case_6,UC6 ratio=0.1,calibration->prior
2,XGBoost,temperature,prior->calibration,0.7454545454545455,0.5073328394440014,0.16673319611487453,0.3055703746291647,0.20567087058657912,0.12998774647712708,0.07568312410945205,0.0,use_case_6,UC6 ratio=0.1,prior->calibration
2,XGBoost,temperature,calibration->prior,0.5909090909090909,0.7389496281195149,0.264633477129883,0.42233233199201453,0.16418491199343632,0.12998774647712708,0.03419716551630925,0.0,use_case_6,UC6 ratio=0.1,calibration->prior
3,RF,platt,prior->calibration,0.9090909090909091,0.310875324557749,0.0835547080906553,0.003080218646533961,-0.6005701557576987,0.13160526752471924,0.7321754232824179,0.0,use_case_6,UC6 ratio=0.1,prior->calibration
3,RF,platt,calibration->prior,0.4090909090909091,0.681628148711139,0.2443490447104462,0.3965108960740866,-0.0200957287514113,0.13160526752471924,0.15170099627613054,0.0,use_case_6,UC6 ratio=0.1,calibration->prior
3,RF,isotonic,prior->calibration,0.9090909090909091,0.3254669942113374,0.08672088388358098,0.06071987786582986,-0.635248459367202,0.13160526752471924,0.7668537268919212,0.0,use_case_6,UC6 ratio=0.1,prior->calibration
3,RF,isotonic,calibration->prior,0.6454545454545455,0.7100990815567461,0.2562210008142235,0.39357062525623276,-0.05974663332101127,0.13160526752471924,0.1913519008457305,0.0,use_case_6,UC6 ratio=0.1,calibration->prior
3,RF,temperature,prior->calibration,0.6454545454545455,0.6407290383154386,0.2019963673435882,0.3137722041755527,-0.7541324805831054,0.13160526752471924,0.8857377481078247,0.32727272727272727,use_case_6,UC6 ratio=0.1,prior->calibration
3,RF,temperature,calibration->prior,0.38181818181818183,1.1402017279194716,0.39788828745848076,0.4953072388183394,-0.9908012844173172,0.13160526752471924,1.1224065519420363,0.32727272727272727,use_case_6,UC6 ratio=0.1,calibration->prior
3,XGBoost,platt,prior->calibration,0.9090909090909091,0.305844008360006,0.08281893372603297,0.018164656096961728,-0.5696951639787143,0.13160526752471924,0.7013004315034336,0.0,use_case_6,UC6 ratio=0.1,prior->calibration
3,XGBoost,platt,calibration->prior,0.5545454545454546,0.6769330981950323,0.24190513493773783,0.3938954611407686,-0.004025036792267511,0.13160526752471924,0.13563030431698675,0.0,use_case_6,UC6 ratio=0.1,calibration->prior
3,XGBoost,isotonic,prior->calibration,0.9090909090909091,0.3221878032529916,0.08409819253963077,0.052795883361921106,-0.6548732091948891,0.13160526752471924,0.7864784767196084,0.06363636363636363,use_case_6,UC6 ratio=0.1,prior->calibration
3,XGBoost,isotonic,calibration->prior,0.43636363636363634,0.6487508865940752,0.23657872917493727,0.33433220345910036,-0.06953580098752565,0.13160526752471924,0.2011410685122449,0.06363636363636363,use_case_6,UC6 ratio=0.1,calibration->prior
3,XGBoost,temperature,prior->calibration,0.7,0.5894954301573623,0.20201515207531542,0.28700604927428147,-0.11970159852123985,0.13160526752471924,0.2513068660459591,0.0,use_case_6,UC6 ratio=0.1,prior->calibration
3,XGBoost,temperature,calibration->prior,0.5,0.8160874336488796,0.29236696796344736,0.394582283044539,-0.12982612860786613,0.13160526752471924,0.26143139613258537,0.0,use_case_6,UC6 ratio=0.1,calibration->prior
4,RF,platt,prior->calibration,0.9090909090909091,0.2854086416438825,0.07776505810789763,0.07295482291782637,-0.4840109908821958,0.13049016892910004,0.6145011598112958,0.0,use_case_6,UC6 ratio=0.1,prior->calibration
4,RF,platt,calibration->prior,0.4909090909090909,0.6096889354750974,0.2167816308989299,0.33960687313563387,0.042700887087671835,0.13049016892910004,0.0877892818414282,0.0,use_case_6,UC6 ratio=0.1,calibration->prior
4,RF,isotonic,prior->calibration,0.9090909090909091,0.2677146019020696,0.07232501370524066,0.03133973820841467,-0.3966014913399242,0.13049016892910004,0.5270916602690242,0.0,use_case_6,UC6 ratio=0.1,prior->calibration
4,RF,isotonic,calibration->prior,0.6545454545454545,0.5575292604686144,0.1863666402350569,0.30846368288492504,0.08441199205490724,0.13049016892910004,0.0460781768741928,0.0,use_case_6,UC6 ratio=0.1,calibration->prior
4,RF,temperature,prior->calibration,0.8181818181818182,0.4411671419155058,0.13803558716859107,0.23421728075206277,-0.14433292541975806,0.13049016892910004,0.2748230943488581,0.37272727272727274,use_case_6,UC6 ratio=0.1,prior->calibration
4,RF,temperature,calibration->prior,0.5363636363636364,0.7917430318718107,0.2867180725508219,0.378286022055363,-0.24154089656927236,0.13049016892910004,0.3720310654983724,0.37272727272727274,use_case_6,UC6 ratio=0.1,calibration->prior
4,XGBoost,platt,prior->calibration,0.9090909090909091,0.2660012578117117,0.07285152742523067,0.03993218501973301,-0.3596503200357485,0.13049016892910004,0.4901404889648485,0.0,use_case_6,UC6 ratio=0.1,prior->calibration
4,XGBoost,platt,calibration->prior,0.6363636363636364,0.6279971417506129,0.21825324151192585,0.37367330850404556,0.09665217311907315,0.13049016892910004,0.03383799581002689,0.0,use_case_6,UC6 ratio=0.1,calibration->prior
4,XGBoost,isotonic,prior->calibration,0.9272727272727272,0.5576600350861791,0.07012390188287299,0.01774436563455857,-0.3049592287577132,0.13049016892910004,0.43544939768681323,0.09090909090909091,use_case_6,UC6 ratio=0.1,prior->calibration
4,XGBoost,isotonic,calibration->prior,0.45454545454545453,0.7023357453402631,0.1926877901072752,0.3231390757326126,0.07212907162353688,0.13049016892910004,0.05836109730556316,0.09090909090909091,use_case_6,UC6 ratio=0.1,calibration->prior
4,XGBoost,temperature,prior->calibration,0.7545454545454545,0.4721742390034156,0.154058678617654,0.23282728549343268,0.06572204860023367,0.13049016892910004,0.06476812032886636,0.0,use_case_6,UC6 ratio=0.1,prior->calibration
4,XGBoost,temperature,calibration->prior,0.6,0.677304366798579,0.23663155447679945,0.3738455475824948,0.09253210205758511,0.13049016892910004,0.03795806687151493,0.0,use_case_6,UC6 ratio=0.1,calibration->prior
